ts,open,high,low,close,volume
2026-07-18T18:00:00+00:00,571.39,572.74,570.35,570.61,2714.364
2026-07-18T19:00:00+00:00,570.62,571.46,570.41,570.64,973.133
2026-07-18T20:00:00+00:00,570.65,572.22,570.5,571.44,985.435
2026-07-18T21:00:00+00:00,571.45,572.5,570.09,570.82,1935.412
2026-07-18T22:00:00+00:00,570.83,571.46,569.8,570.3,1551.949
2026-07-18T23:00:00+00:00,570.31,571.22,569.66,570.65,1203.492
2026-07-19T00:00:00+00:00,570.66,571.6,570.65,571.1,1476.14
2026-07-19T01:00:00+00:00,571.1,571.11,570.24,570.59,1600.172
2026-07-19T02:00:00+00:00,570.59,572.61,570.56,571.07,2652.42
2026-07-19T03:00:00+00:00,571.07,571.2,568.7,569.15,2541.737
2026-07-19T04:00:00+00:00,569.15,569.37,567.31,568.85,3385.038
2026-07-19T05:00:00+00:00,568.84,569.41,568.59,568.84,2664.629
2026-07-19T06:00:00+00:00,568.84,569.24,568.58,569.24,1200.696
2026-07-19T07:00:00+00:00,569.24,569.68,568.64,569.04,1401.83
2026-07-19T08:00:00+00:00,569.05,569.51,568.49,568.64,6978.984
2026-07-19T09:00:00+00:00,568.65,568.75,567.13,568.03,3052.263
2026-07-19T10:00:00+00:00,568.02,569.03,567.51,568.25,1750.912
2026-07-19T11:00:00+00:00,568.26,570.0,567.78,568.01,3109.556
2026-07-19T12:00:00+00:00,568.01,568.02,567.0,568.02,2308.499
2026-07-19T13:00:00+00:00,568.03,568.34,567.15,568.34,1392.459
2026-07-19T14:00:00+00:00,568.34,570.04,567.7,569.76,1885.134
2026-07-19T15:00:00+00:00,569.76,570.96,569.41,570.16,1829.42
2026-07-19T16:00:00+00:00,570.16,570.47,568.21,568.4,1926.508
2026-07-19T17:00:00+00:00,568.4,569.77,567.03,568.36,2687.083
2026-07-19T18:00:00+00:00,568.36,568.41,566.33,567.46,3090.038
2026-07-19T19:00:00+00:00,567.47,568.16,566.85,568.15,685.565
2026-07-19T20:00:00+00:00,568.16,569.79,568.16,569.78,703.383
2026-07-19T21:00:00+00:00,569.79,569.92,568.0,568.65,963.473
2026-07-19T22:00:00+00:00,568.65,571.75,568.33,570.72,3870.051
2026-07-19T23:00:00+00:00,570.73,571.75,569.95,571.06,1941.213
2026-07-20T00:00:00+00:00,571.06,573.94,568.4,569.34,6414.596
2026-07-20T01:00:00+00:00,569.35,572.75,568.23,569.01,3207.321
2026-07-20T02:00:00+00:00,569.01,571.64,568.7,570.39,2604.943
2026-07-20T03:00:00+00:00,570.39,571.0,569.12,570.13,2959.417
2026-07-20T04:00:00+00:00,570.13,570.23,567.41,567.42,3171.083
2026-07-20T05:00:00+00:00,567.42,567.63,564.0,565.3,5685.561
2026-07-20T06:00:00+00:00,565.31,565.79,562.97,564.48,4184.214
2026-07-20T07:00:00+00:00,564.49,566.86,563.9,566.69,3034.539
2026-07-20T08:00:00+00:00,566.7,567.04,564.35,565.29,3685.493
2026-07-20T09:00:00+00:00,565.3,567.04,564.85,565.86,3043.56
2026-07-20T10:00:00+00:00,565.86,567.68,565.68,566.62,3555.244
2026-07-20T11:00:00+00:00,566.62,571.43,566.41,571.01,8191.776
2026-07-20T12:00:00+00:00,571.02,571.03,569.02,569.31,5311.229
2026-07-20T13:00:00+00:00,569.31,569.93,566.16,566.76,5633.916
2026-07-20T14:00:00+00:00,566.77,568.52,565.0,567.61,4747.635
2026-07-20T15:00:00+00:00,567.61,574.6,567.61,573.91,7838.528
2026-07-20T16:00:00+00:00,573.92,574.9,572.39,573.29,9025.287
2026-07-20T17:00:00+00:00,573.3,574.82,572.21,574.01,3568.155
2026-07-20T18:00:00+00:00,574.01,575.91,572.05,572.32,5937.836
2026-07-20T19:00:00+00:00,572.32,572.6,571.05,571.3,3914.368
2026-07-20T20:00:00+00:00,571.3,572.96,570.86,572.43,1660.686
2026-07-20T21:00:00+00:00,572.43,572.73,571.2,571.28,2019.582
2026-07-20T22:00:00+00:00,571.29,571.29,569.91,570.0,1374.022
2026-07-20T23:00:00+00:00,570.0,571.6,569.86,571.27,1977.816
2026-07-21T00:00:00+00:00,571.28,573.78,570.75,573.51,2280.87
2026-07-21T01:00:00+00:00,573.51,574.12,572.02,572.16,2129.42
2026-07-21T02:00:00+00:00,572.17,574.28,571.31,573.37,2285.559
2026-07-21T03:00:00+00:00,573.38,575.37,573.38,575.25,3615.823
2026-07-21T04:00:00+00:00,575.25,576.08,573.76,573.91,5521.47
2026-07-21T05:00:00+00:00,573.91,575.8,573.9,574.94,3964.804
2026-07-21T06:00:00+00:00,574.94,576.96,574.83,576.39,4852.304
2026-07-21T07:00:00+00:00,576.4,576.9,575.15,576.85,6400.977
2026-07-21T08:00:00+00:00,576.86,578.61,576.32,577.68,8886.172
2026-07-21T09:00:00+00:00,577.68,579.77,577.06,579.42,4240.91
2026-07-21T10:00:00+00:00,579.42,579.79,577.32,577.76,5916.341
2026-07-21T11:00:00+00:00,577.76,577.96,576.18,576.66,5460.375
2026-07-21T12:00:00+00:00,576.67,578.0,576.18,577.74,4359.542
2026-07-21T13:00:00+00:00,577.74,577.93,576.22,577.71,6429.4
2026-07-21T14:00:00+00:00,577.72,577.8,574.48,575.79,11586.09
2026-07-21T15:00:00+00:00,575.79,575.82,574.53,575.17,3573.007
2026-07-21T16:00:00+00:00,575.17,575.6,574.0,574.7,3322.363
2026-07-21T17:00:00+00:00,574.69,574.79,572.15,573.03,5680.809
2026-07-21T18:00:00+00:00,573.04,573.78,572.33,573.27,3367.593
2026-07-21T19:00:00+00:00,573.28,573.39,572.61,572.75,2283.514
2026-07-21T20:00:00+00:00,572.74,573.64,572.5,573.12,1043.016
2026-07-21T21:00:00+00:00,573.12,573.99,572.6,573.38,1956.308
2026-07-21T22:00:00+00:00,573.38,573.61,572.25,572.81,1455.394
2026-07-21T23:00:00+00:00,572.82,574.16,571.81,573.95,2368.403
2026-07-22T00:00:00+00:00,573.96,575.63,573.52,574.79,6154.786
2026-07-22T01:00:00+00:00,574.79,574.97,573.05,573.37,2539.141
2026-07-22T02:00:00+00:00,573.37,574.16,572.54,572.69,1942.185
2026-07-22T03:00:00+00:00,572.7,572.89,570.9,571.08,3052.637
2026-07-22T04:00:00+00:00,571.07,572.58,570.49,572.15,2582.327
2026-07-22T05:00:00+00:00,572.16,572.16,568.59,569.21,3372.688
2026-07-22T06:00:00+00:00,569.22,569.65,566.89,568.02,3910.952
2026-07-22T07:00:00+00:00,568.02,568.56,567.38,568.27,3390.435
2026-07-22T08:00:00+00:00,568.27,570.4,568.18,570.13,3255.674
2026-07-22T09:00:00+00:00,570.13,571.26,569.19,571.08,3219.725
2026-07-22T10:00:00+00:00,571.09,571.77,570.85,570.94,3023.053
2026-07-22T11:00:00+00:00,570.95,571.77,570.4,570.97,3156.974
2026-07-22T12:00:00+00:00,570.97,570.98,569.37,570.12,2372.127
2026-07-22T13:00:00+00:00,570.12,572.66,569.91,572.31,3538.821
2026-07-22T14:00:00+00:00,572.31,575.25,570.41,571.01,6072.339
2026-07-22T15:00:00+00:00,571.01,573.28,571.01,572.5,7332.3
2026-07-22T16:00:00+00:00,572.5,575.18,570.93,574.83,6207.876
2026-07-22T17:00:00+00:00,574.84,575.5,571.4,571.82,6973.958
2026-07-22T18:00:00+00:00,571.83,572.37,569.6,570.18,4877.618
2026-07-22T19:00:00+00:00,570.19,570.31,568.98,570.16,1501.262
2026-07-22T20:00:00+00:00,570.16,570.97,569.61,570.55,2376.506
2026-07-22T21:00:00+00:00,570.56,572.18,570.45,571.34,1657.921
2026-07-22T22:00:00+00:00,571.35,571.51,570.29,571.38,1263.826
2026-07-22T23:00:00+00:00,571.38,571.39,569.38,571.08,1108.865
2026-07-23T00:00:00+00:00,571.09,572.24,570.86,571.35,2000.136
2026-07-23T01:00:00+00:00,571.36,571.8,570.01,570.81,2791.269
2026-07-23T02:00:00+00:00,570.82,571.04,570.0,570.8,1426.321
2026-07-23T03:00:00+00:00,570.81,571.15,569.62,570.38,2333.741
2026-07-23T04:00:00+00:00,570.38,570.52,569.55,569.77,2356.945
2026-07-23T05:00:00+00:00,569.78,570.64,569.0,569.9,1897.79
2026-07-23T06:00:00+00:00,569.9,570.58,569.34,570.33,2272.099
2026-07-23T07:00:00+00:00,570.33,570.33,568.23,569.82,2453.092
2026-07-23T08:00:00+00:00,569.83,571.51,569.68,570.49,2971.825
2026-07-23T09:00:00+00:00,570.5,570.98,568.91,569.3,4938.589
2026-07-23T10:00:00+00:00,569.31,570.28,569.13,569.96,2783.671
2026-07-23T11:00:00+00:00,569.97,571.0,569.54,569.99,3565.099
2026-07-23T12:00:00+00:00,570.0,570.28,566.8,569.01,6455.055
2026-07-23T13:00:00+00:00,569.01,569.46,566.25,566.25,5272.051
2026-07-23T14:00:00+00:00,566.26,568.3,565.93,566.95,6616.446
2026-07-23T15:00:00+00:00,566.96,567.87,563.71,567.66,5964.294
2026-07-23T16:00:00+00:00,567.66,567.79,566.21,566.69,2741.503
2026-07-23T17:00:00+00:00,566.69,567.72,565.01,565.56,2370.228
2026-07-23T18:00:00+00:00,565.57,567.69,565.57,567.26,1356.775
2026-07-23T19:00:00+00:00,567.27,567.55,565.43,566.64,1213.079
2026-07-23T20:00:00+00:00,566.64,568.8,566.6,567.79,1327.037
2026-07-23T21:00:00+00:00,567.79,568.09,566.82,567.37,1860.412
2026-07-23T22:00:00+00:00,567.37,567.96,566.14,567.96,2453.082
2026-07-23T23:00:00+00:00,567.96,568.33,567.18,567.41,1185.706
2026-07-24T00:00:00+00:00,567.41,567.99,565.92,567.95,2908.378
2026-07-24T01:00:00+00:00,567.95,568.67,567.46,567.97,1256.371
2026-07-24T02:00:00+00:00,567.97,568.43,566.56,567.35,1295.255
2026-07-24T03:00:00+00:00,567.36,570.39,567.0,569.15,3457.351
2026-07-24T04:00:00+00:00,569.15,569.28,567.15,567.29,2020.041
2026-07-24T05:00:00+00:00,567.29,567.97,566.81,567.64,2474.334
2026-07-24T06:00:00+00:00,567.65,569.31,567.46,568.58,1991.768
2026-07-24T07:00:00+00:00,568.59,571.31,568.58,569.5,4882.167
2026-07-24T08:00:00+00:00,569.51,569.63,568.05,568.17,2765.267
2026-07-24T09:00:00+00:00,568.18,568.44,566.51,568.42,4159.888
2026-07-24T10:00:00+00:00,568.42,568.66,566.76,566.97,1657.978
2026-07-24T11:00:00+00:00,566.97,567.0,565.18,566.98,4306.977
2026-07-24T12:00:00+00:00,566.98,566.99,563.0,563.88,6298.867
2026-07-24T13:00:00+00:00,563.88,563.93,556.0,558.9,16406.924
2026-07-24T14:00:00+00:00,558.89,560.66,556.6,560.65,9917.754
2026-07-24T15:00:00+00:00,560.66,562.71,559.55,561.41,5293.066
2026-07-24T16:00:00+00:00,561.41,562.02,560.0,560.47,4123.529
2026-07-24T17:00:00+00:00,560.48,562.8,560.33,562.33,2817.488
2026-07-24T18:00:00+00:00,562.34,562.8,561.34,562.29,2144.022
2026-07-24T19:00:00+00:00,562.29,566.37,562.29,565.16,6106.081
2026-07-24T20:00:00+00:00,565.17,565.71,564.81,565.01,1914.014
2026-07-24T21:00:00+00:00,565.02,565.25,563.6,563.78,1664.134
2026-07-24T22:00:00+00:00,563.78,565.25,563.77,564.83,1084.28
2026-07-24T23:00:00+00:00,564.83,565.23,564.26,564.9,1542.939
2026-07-25T00:00:00+00:00,564.91,565.29,564.35,564.97,2537.134
2026-07-25T01:00:00+00:00,564.98,565.41,564.18,565.15,3773.085
2026-07-25T02:00:00+00:00,565.16,566.13,564.71,566.13,1926.982
2026-07-25T03:00:00+00:00,566.13,566.47,565.05,565.37,2960.927
2026-07-25T04:00:00+00:00,565.37,565.78,565.05,565.61,2349.438
2026-07-25T05:00:00+00:00,565.61,566.15,564.76,565.0,2337.791
2026-07-25T06:00:00+00:00,565.0,565.14,564.25,565.02,1792.404
2026-07-25T07:00:00+00:00,565.02,565.23,563.9,564.81,1484.119
2026-07-25T08:00:00+00:00,564.81,565.43,564.34,564.84,2829.229
2026-07-25T09:00:00+00:00,564.84,565.9,564.39,565.51,1977.174
2026-07-25T10:00:00+00:00,565.52,566.09,565.3,565.69,2197.283
2026-07-25T11:00:00+00:00,565.69,566.16,565.01,565.74,2330.749
2026-07-25T12:00:00+00:00,565.75,566.85,564.98,566.79,2109.014
2026-07-25T13:00:00+00:00,566.8,569.33,566.8,568.29,3613.428
2026-07-25T14:00:00+00:00,568.29,568.29,566.55,567.08,2918.834
2026-07-25T15:00:00+00:00,567.08,567.68,566.43,567.38,3848.058
2026-07-25T16:00:00+00:00,567.39,568.16,566.51,567.36,3128.664
2026-07-25T17:00:00+00:00,567.35,568.97,566.91,568.31,2006.592
2026-07-25T18:00:00+00:00,568.32,569.1,568.12,568.95,1521.863
2026-07-25T19:00:00+00:00,568.96,569.02,568.42,568.7,863.671
2026-07-25T20:00:00+00:00,568.7,569.07,568.28,568.41,1103.543
2026-07-25T21:00:00+00:00,568.42,570.0,568.23,568.86,1622.902
2026-07-25T22:00:00+00:00,568.86,569.98,568.8,569.59,1120.093
2026-07-25T23:00:00+00:00,569.6,569.68,568.87,568.94,1044.298
2026-07-26T00:00:00+00:00,568.94,570.53,568.94,570.31,2726.463
2026-07-26T01:00:00+00:00,570.31,570.41,569.69,570.17,2496.736
2026-07-26T02:00:00+00:00,570.18,570.3,569.54,570.3,2945.065
2026-07-26T03:00:00+00:00,570.3,570.84,570.09,570.43,1472.386
2026-07-26T04:00:00+00:00,570.44,571.48,569.93,570.88,1777.826
2026-07-26T05:00:00+00:00,570.89,571.97,570.47,571.19,2131.24
2026-07-26T06:00:00+00:00,571.2,572.39,570.31,572.37,5804.614
2026-07-26T07:00:00+00:00,572.38,572.91,571.3,571.57,2330.883
2026-07-26T08:00:00+00:00,571.56,571.86,570.88,571.72,4832.458
2026-07-26T09:00:00+00:00,571.73,572.45,571.11,571.44,1891.181
2026-07-26T10:00:00+00:00,571.45,571.47,570.8,571.08,1481.069
2026-07-26T11:00:00+00:00,571.08,571.19,570.44,570.65,1361.416
2026-07-26T12:00:00+00:00,570.66,571.85,570.32,570.78,3618.338
2026-07-26T13:00:00+00:00,570.78,571.88,570.01,571.46,2062.822
2026-07-26T14:00:00+00:00,571.46,572.89,571.45,572.77,5035.454
2026-07-26T15:00:00+00:00,572.78,573.99,572.44,573.79,4432.882
2026-07-26T16:00:00+00:00,573.8,574.75,573.0,573.34,3349.285
2026-07-26T17:00:00+00:00,573.35,573.74,572.68,572.91,2744.443
2026-07-26T18:00:00+00:00,572.92,573.62,572.2,572.91,2554.223
2026-07-26T19:00:00+00:00,572.9,573.66,572.66,573.59,2205.045
2026-07-26T20:00:00+00:00,573.59,573.72,572.9,573.05,840.099
2026-07-26T21:00:00+00:00,573.05,574.3,572.8,573.72,1429.119
2026-07-26T22:00:00+00:00,573.73,576.57,573.73,575.64,3875.219
2026-07-26T23:00:00+00:00,575.64,576.5,573.74,575.32,2430.749
2026-07-27T00:00:00+00:00,575.31,575.67,572.39,572.61,2134.06
2026-07-27T01:00:00+00:00,572.62,573.48,571.49,573.47,1882.977
2026-07-27T02:00:00+00:00,573.48,574.08,572.72,572.96,1858.773
2026-07-27T03:00:00+00:00,572.97,573.69,572.44,573.61,1783.961
2026-07-27T04:00:00+00:00,573.61,574.69,573.09,573.6,1940.541
2026-07-27T05:00:00+00:00,573.6,575.85,573.59,575.54,2102.86
2026-07-27T06:00:00+00:00,575.54,577.2,574.69,575.07,3495.561
2026-07-27T07:00:00+00:00,575.07,575.43,574.49,574.76,2201.442
2026-07-27T08:00:00+00:00,574.76,575.15,573.32,573.46,5605.377
2026-07-27T09:00:00+00:00,573.47,573.47,571.68,572.61,7081.464
2026-07-27T10:00:00+00:00,572.62,574.26,572.09,573.68,3987.634
2026-07-27T11:00:00+00:00,573.68,573.99,572.58,572.9,3318.714
2026-07-27T12:00:00+00:00,572.9,573.73,570.92,573.59,3082.82
2026-07-27T13:00:00+00:00,573.59,576.89,572.72,574.42,4498.806
2026-07-27T14:00:00+00:00,574.42,575.3,565.8,567.79,9399.345
2026-07-27T15:00:00+00:00,567.79,570.56,567.04,568.64,5044.26
2026-07-27T16:00:00+00:00,568.64,572.5,568.06,571.82,2981.694
2026-07-27T17:00:00+00:00,571.82,574.85,571.51,574.73,2893.83
2026-07-27T18:00:00+00:00,574.73,575.56,573.39,575.37,3693.322
2026-07-27T19:00:00+00:00,575.38,576.11,574.65,575.62,2608.934
2026-07-27T20:00:00+00:00,575.63,575.77,573.81,574.51,1712.791
2026-07-27T21:00:00+00:00,574.51,574.95,573.22,573.94,949.978
2026-07-27T22:00:00+00:00,573.94,573.94,565.72,566.5,3515.366
2026-07-27T23:00:00+00:00,566.5,568.11,565.4,566.28,2664.33
2026-07-28T00:00:00+00:00,566.28,567.21,564.93,565.82,3021.52
2026-07-28T01:00:00+00:00,565.82,566.52,562.03,565.14,5994.394
2026-07-28T02:00:00+00:00,565.14,565.9,564.24,565.3,2494.754
2026-07-28T03:00:00+00:00,565.31,567.0,565.0,566.57,1937.842
2026-07-28T04:00:00+00:00,566.58,566.85,565.01,565.07,2200.266
2026-07-28T05:00:00+00:00,565.07,566.78,565.0,565.61,2990.284
2026-07-28T06:00:00+00:00,565.61,565.61,564.6,565.44,4467.429
2026-07-28T07:00:00+00:00,565.44,566.0,564.87,565.83,2450.788
2026-07-28T08:00:00+00:00,565.84,566.07,564.9,565.49,1586.142
2026-07-28T09:00:00+00:00,565.49,567.44,565.13,565.86,1849.064
2026-07-28T10:00:00+00:00,565.86,566.95,565.4,565.6,2577.989
2026-07-28T11:00:00+00:00,565.6,567.22,565.33,566.86,3250.602
2026-07-28T12:00:00+00:00,566.86,568.75,566.46,568.39,3430.521
2026-07-28T13:00:00+00:00,568.39,569.15,563.19,565.5,8120.166
2026-07-28T14:00:00+00:00,565.5,569.34,564.69,568.55,5856.175
2026-07-28T15:00:00+00:00,568.55,575.66,567.92,573.3,13030.876
2026-07-28T16:00:00+00:00,573.3,573.97,570.92,571.81,5022.868
2026-07-28T17:00:00+00:00,571.81,571.81,567.05,568.49,4221.712
2026-07-28T18:00:00+00:00,568.5,569.78,568.5,569.62,2148.496
2026-07-28T19:00:00+00:00,569.62,570.99,569.52,570.93,1301.013
2026-07-28T20:00:00+00:00,570.93,571.68,570.61,570.88,2097.409
2026-07-28T21:00:00+00:00,570.88,572.07,570.88,571.51,1742.698
2026-07-28T22:00:00+00:00,571.51,571.91,568.64,568.91,2080.79
2026-07-28T23:00:00+00:00,568.91,571.34,568.29,571.29,1222.274
2026-07-29T00:00:00+00:00,571.29,573.5,571.28,571.84,2688.574
2026-07-29T01:00:00+00:00,571.84,572.43,570.37,570.37,1907.488
2026-07-29T02:00:00+00:00,570.38,571.79,569.54,570.47,2299.136
2026-07-29T03:00:00+00:00,570.48,570.52,567.1,567.38,5095.859
2026-07-29T04:00:00+00:00,567.39,568.83,566.01,568.67,2752.354
2026-07-29T05:00:00+00:00,568.67,570.0,568.23,569.74,1852.379
2026-07-29T06:00:00+00:00,569.73,572.13,568.89,571.23,2881.118
2026-07-29T07:00:00+00:00,571.24,571.9,570.6,571.9,1920.71
2026-07-29T08:00:00+00:00,571.89,572.13,570.27,571.3,5096.672
2026-07-29T09:00:00+00:00,571.31,573.22,571.23,572.91,1924.663
2026-07-29T10:00:00+00:00,572.92,573.23,570.21,570.71,2775.889
2026-07-29T11:00:00+00:00,570.72,571.52,570.11,570.69,1935.842
2026-07-29T12:00:00+00:00,570.7,570.74,568.5,569.48,2076.514
2026-07-29T13:00:00+00:00,569.48,570.24,568.3,570.24,2347.43
2026-07-29T14:00:00+00:00,570.25,570.6,567.4,568.51,4272.556
2026-07-29T15:00:00+00:00,568.52,569.5,567.73,568.57,3001.705
2026-07-29T16:00:00+00:00,568.57,569.4,567.37,568.93,2368.101
2026-07-29T17:00:00+00:00,568.94,570.22,568.39,570.0,3386.1
2026-07-29T18:00:00+00:00,569.99,573.56,568.47,572.45,6446.073
2026-07-29T19:00:00+00:00,572.45,572.96,567.8,568.54,6477.021
2026-07-29T20:00:00+00:00,568.55,569.6,566.28,567.51,4285.23
2026-07-29T21:00:00+00:00,567.51,569.01,565.27,569.0,2597.04
2026-07-29T22:00:00+00:00,569.01,571.99,569.01,571.11,1741.578
2026-07-29T23:00:00+00:00,571.12,572.56,570.78,571.99,1349.132
2026-07-30T00:00:00+00:00,571.99,573.36,571.05,571.86,3077.444
2026-07-30T01:00:00+00:00,571.87,576.19,571.78,575.72,4221.809
2026-07-30T02:00:00+00:00,575.72,577.51,574.28,574.68,4593.217
2026-07-30T03:00:00+00:00,574.68,574.95,573.31,573.42,2917.262
2026-07-30T04:00:00+00:00,573.42,573.64,571.73,571.9,4954.669
2026-07-30T05:00:00+00:00,571.9,573.49,571.56,573.05,1227.023
2026-07-30T06:00:00+00:00,573.05,574.31,572.65,574.22,1691.697
2026-07-30T07:00:00+00:00,574.23,576.1,574.19,574.72,3587.788
2026-07-30T08:00:00+00:00,574.72,579.3,574.41,578.76,6780.93
2026-07-30T09:00:00+00:00,578.77,579.99,578.23,579.84,5410.413
2026-07-30T10:00:00+00:00,579.84,588.53,579.67,587.39,19503.334
2026-07-30T11:00:00+00:00,587.4,591.25,586.2,589.0,16486.934
2026-07-30T12:00:00+00:00,589.0,589.94,585.57,586.77,9165.693
2026-07-30T13:00:00+00:00,586.77,589.19,585.52,587.96,7256.54
2026-07-30T14:00:00+00:00,587.95,588.82,586.3,587.95,5881.512
2026-07-30T15:00:00+00:00,587.96,591.0,587.51,590.99,7034.756
2026-07-30T16:00:00+00:00,591.0,594.0,591.0,593.42,8026.119
2026-07-30T17:00:00+00:00,593.42,596.0,592.27,593.89,6512.216
2026-07-30T18:00:00+00:00,593.89,595.75,593.78,595.68,4799.647
2026-07-30T19:00:00+00:00,595.69,595.99,593.91,594.62,3836.911
2026-07-30T20:00:00+00:00,594.62,595.18,592.51,592.67,6506.963
2026-07-30T21:00:00+00:00,592.68,592.91,590.81,591.24,3463.574
2026-07-30T22:00:00+00:00,591.24,593.46,590.78,592.79,3071.857
2026-07-30T23:00:00+00:00,592.79,594.48,591.94,591.99,3189.471
2026-07-31T00:00:00+00:00,591.99,592.85,590.24,590.48,4371.007
2026-07-31T01:00:00+00:00,590.48,594.46,588.9,589.55,5720.288
2026-07-31T02:00:00+00:00,589.55,590.12,587.54,588.03,4455.03
2026-07-31T03:00:00+00:00,588.04,589.98,585.79,589.46,5550.458
2026-07-31T04:00:00+00:00,589.47,589.98,588.47,589.13,5117.13
2026-07-31T05:00:00+00:00,589.14,591.0,589.13,590.04,3213.528
2026-07-31T06:00:00+00:00,590.04,592.92,590.03,592.54,4263.266
2026-07-31T07:00:00+00:00,592.54,592.74,589.76,589.76,9885.384
2026-07-31T08:00:00+00:00,589.77,593.31,589.76,592.74,8550.352
2026-07-31T09:00:00+00:00,592.75,592.77,589.89,590.49,5626.478
2026-07-31T10:00:00+00:00,590.49,592.73,588.15,592.46,5796.672
2026-07-31T11:00:00+00:00,592.47,593.92,591.34,592.02,3927.304
2026-07-31T12:00:00+00:00,592.02,593.09,589.92,592.56,7039.25
2026-07-31T13:00:00+00:00,592.57,595.5,587.89,588.78,10600.348
2026-07-31T14:00:00+00:00,588.79,589.0,584.63,586.62,12905.325
2026-07-31T15:00:00+00:00,586.63,586.67,583.99,585.45,5746.312
2026-07-31T16:00:00+00:00,585.45,587.91,585.23,587.48,2948.236
2026-07-31T17:00:00+00:00,587.48,590.04,586.87,589.04,2880.796
2026-07-31T18:00:00+00:00,589.05,589.61,587.6,588.95,1900.994
2026-07-31T19:00:00+00:00,588.95,589.4,587.93,588.17,1302.125
2026-07-31T20:00:00+00:00,588.17,589.0,586.72,586.92,1846.351
2026-07-31T21:00:00+00:00,586.92,588.59,586.41,587.13,2057.385
2026-07-31T22:00:00+00:00,587.14,587.79,586.63,586.81,1590.078
2026-07-31T23:00:00+00:00,586.81,587.72,586.8,587.01,1186.706
2026-08-01T00:00:00+00:00,587.01,589.1,587.01,588.71,3669.285
2026-08-01T01:00:00+00:00,588.72,590.0,588.3,589.99,2853.281
2026-08-01T02:00:00+00:00,590.0,590.77,589.4,590.77,2909.304
2026-08-01T03:00:00+00:00,590.77,591.44,588.92,589.36,3526.94
2026-08-01T04:00:00+00:00,589.35,592.8,588.79,591.89,4066.13
2026-08-01T05:00:00+00:00,591.89,592.13,590.29,590.87,2502.667
2026-08-01T06:00:00+00:00,590.87,592.58,590.11,591.31,6164.969
2026-08-01T07:00:00+00:00,591.32,591.83,590.08,590.09,2430.593
2026-08-01T08:00:00+00:00,590.09,590.5,585.8,585.95,6603.379
2026-08-01T09:00:00+00:00,585.95,586.17,583.87,584.15,3823.377
2026-08-01T10:00:00+00:00,584.16,584.6,580.23,580.77,6224.225
2026-08-01T11:00:00+00:00,580.78,581.08,579.64,580.33,5379.768
2026-08-01T12:00:00+00:00,580.34,580.53,578.22,578.34,4514.295
2026-08-01T13:00:00+00:00,578.34,579.92,577.9,579.3,6411.149
2026-08-01T14:00:00+00:00,579.31,580.29,578.37,579.03,5950.712
2026-08-01T15:00:00+00:00,579.03,579.03,576.36,576.47,6017.194
2026-08-01T16:00:00+00:00,576.47,578.6,576.31,578.46,3279.364
2026-08-01T17:00:00+00:00,578.46,578.73,576.35,577.22,3089.448
2026-08-01T18:00:00+00:00,577.23,577.81,573.5,576.59,7553.889
2026-08-01T19:00:00+00:00,576.59,578.42,575.69,575.74,3888.23
2026-08-01T20:00:00+00:00,575.74,575.9,574.85,575.75,3596.133
2026-08-01T21:00:00+00:00,575.75,576.52,575.0,575.91,3043.484
2026-08-01T22:00:00+00:00,575.91,576.45,575.63,576.03,2747.59
2026-08-01T23:00:00+00:00,576.04,576.15,575.13,575.13,5000.896
2026-08-02T00:00:00+00:00,575.14,576.81,574.03,574.53,3789.962
2026-08-02T01:00:00+00:00,574.53,577.93,574.53,577.46,3278.887
2026-08-02T02:00:00+00:00,577.47,581.3,577.23,581.3,4609.292
2026-08-02T03:00:00+00:00,581.3,583.1,581.04,582.31,4877.478
2026-08-02T04:00:00+00:00,582.32,585.32,582.32,584.88,6454.152
2026-08-02T05:00:00+00:00,584.89,585.54,583.75,584.7,2912.458
2026-08-02T06:00:00+00:00,584.71,585.5,583.4,585.0,2116.509
2026-08-02T07:00:00+00:00,585.01,586.15,584.45,585.49,9065.045
2026-08-02T08:00:00+00:00,585.49,585.7,583.59,583.67,3040.269
2026-08-02T09:00:00+00:00,583.67,584.57,582.51,583.72,2757.419
2026-08-02T10:00:00+00:00,583.73,584.19,582.94,583.82,1344.078
2026-08-02T11:00:00+00:00,583.82,583.9,581.59,582.11,2008.993
2026-08-02T12:00:00+00:00,582.11,582.77,581.2,581.78,2740.725
2026-08-02T13:00:00+00:00,581.77,583.52,581.46,582.9,2343.266
2026-08-02T14:00:00+00:00,582.91,585.24,582.31,584.23,3875.688
2026-08-02T15:00:00+00:00,584.23,587.5,584.14,586.24,4769.338
2026-08-02T16:00:00+00:00,586.24,588.79,585.89,587.7,3200.427
2026-08-02T17:00:00+00:00,587.7,588.25,587.26,587.73,1146.717
2026-08-02T18:00:00+00:00,587.73,590.99,587.73,589.28,3424.792
2026-08-02T19:00:00+00:00,589.28,589.71,588.37,589.4,1354.273
2026-08-02T20:00:00+00:00,589.41,589.5,588.28,589.5,1778.17
2026-08-02T21:00:00+00:00,589.5,590.83,589.0,589.78,2373.107
2026-08-02T22:00:00+00:00,589.77,590.86,587.69,588.33,2829.461
2026-08-02T23:00:00+00:00,588.33,588.71,587.71,588.46,1637.947
2026-08-03T00:00:00+00:00,588.46,588.54,584.32,585.02,3163.623
2026-08-03T01:00:00+00:00,585.02,585.37,584.0,584.4,1765.557
2026-08-03T02:00:00+00:00,584.4,586.43,584.0,585.88,2949.653
2026-08-03T03:00:00+00:00,585.88,585.88,582.97,583.1,3227.648
2026-08-03T04:00:00+00:00,583.11,584.47,582.49,582.5,3618.816
2026-08-03T05:00:00+00:00,582.5,583.74,582.2,582.97,2305.917
2026-08-03T06:00:00+00:00,582.97,583.48,581.9,582.55,2642.054
2026-08-03T07:00:00+00:00,582.55,584.23,581.75,583.73,7172.907
2026-08-03T08:00:00+00:00,583.74,584.41,581.03,584.25,4625.303
2026-08-03T09:00:00+00:00,584.26,586.64,583.82,586.57,5231.284
2026-08-03T10:00:00+00:00,586.58,587.68,586.04,587.1,3088.743
2026-08-03T11:00:00+00:00,587.1,587.8,585.66,585.76,2544.088
2026-08-03T12:00:00+00:00,585.76,587.63,585.2,586.85,3069.132
2026-08-03T13:00:00+00:00,586.85,588.44,584.45,588.21,6887.843
2026-08-03T14:00:00+00:00,588.21,590.18,586.58,589.77,7716.011
2026-08-03T15:00:00+00:00,589.78,593.69,589.41,592.54,7513.287
2026-08-03T16:00:00+00:00,592.54,594.32,591.8,592.46,4707.463
2026-08-03T17:00:00+00:00,592.46,593.8,591.25,592.2,4657.723
2026-08-03T18:00:00+00:00,592.21,592.65,591.19,591.56,1367.709
2026-08-03T19:00:00+00:00,591.57,592.72,591.4,591.45,1650.452
2026-08-03T20:00:00+00:00,591.45,592.55,590.96,591.11,1354.341
2026-08-03T21:00:00+00:00,591.11,591.11,589.66,589.97,2597.671
2026-08-03T22:00:00+00:00,589.97,590.68,589.14,589.69,1601.743
2026-08-03T23:00:00+00:00,589.69,590.02,589.05,589.35,1378.888
2026-08-04T00:00:00+00:00,589.35,590.27,588.8,589.0,2231.9
2026-08-04T01:00:00+00:00,589.0,592.29,588.93,592.23,4927.653
2026-08-04T02:00:00+00:00,592.24,592.58,590.48,591.01,2065.143
2026-08-04T03:00:00+00:00,591.01,591.59,590.11,590.86,2224.778
2026-08-04T04:00:00+00:00,590.87,593.09,590.57,592.0,1890.844
2026-08-04T05:00:00+00:00,592.01,592.14,589.68,589.73,1401.136
2026-08-04T06:00:00+00:00,589.74,591.65,589.4,590.71,3218.241
2026-08-04T07:00:00+00:00,590.71,591.21,589.63,590.61,2676.807
2026-08-04T08:00:00+00:00,590.62,590.93,588.94,589.92,4348.023
2026-08-04T09:00:00+00:00,589.93,590.09,588.13,589.11,2350.0
2026-08-04T10:00:00+00:00,589.12,590.68,588.0,589.95,2076.969
2026-08-04T11:00:00+00:00,589.96,592.13,589.51,591.77,2521.285
2026-08-04T12:00:00+00:00,591.78,592.07,590.16,591.78,3293.586
2026-08-04T13:00:00+00:00,591.78,592.01,588.7,589.18,5788.679
2026-08-04T14:00:00+00:00,589.18,594.7,588.74,594.03,7511.876
2026-08-04T15:00:00+00:00,594.03,594.7,591.34,593.28,4753.913
2026-08-04T16:00:00+00:00,593.28,594.6,592.11,593.2,5275.926
2026-08-04T17:00:00+00:00,593.21,594.04,592.2,592.68,2545.334
2026-08-04T18:00:00+00:00,592.69,594.96,592.61,594.01,2781.414
2026-08-04T19:00:00+00:00,594.02,594.32,593.16,593.78,2391.659
2026-08-04T20:00:00+00:00,593.77,594.68,592.56,593.65,1957.556
2026-08-04T21:00:00+00:00,593.66,594.1,593.11,593.97,836.302
2026-08-04T22:00:00+00:00,593.97,594.19,593.24,593.83,925.329
2026-08-04T23:00:00+00:00,593.83,594.78,592.8,593.18,2220.887
2026-08-05T00:00:00+00:00,593.19,602.93,592.36,596.11,24066.997
2026-08-05T01:00:00+00:00,596.11,604.58,596.11,603.35,7725.476
2026-08-05T02:00:00+00:00,603.36,605.5,600.5,603.85,6556.688
2026-08-05T03:00:00+00:00,603.86,603.86,597.97,598.81,5758.31
2026-08-05T04:00:00+00:00,598.82,599.83,598.0,599.33,2707.404
2026-08-05T05:00:00+00:00,599.34,602.9,599.0,602.17,3557.104
2026-08-05T06:00:00+00:00,602.18,602.19,600.65,601.04,2944.565
2026-08-05T07:00:00+00:00,601.04,601.4,598.54,600.11,3760.19
2026-08-05T08:00:00+00:00,600.12,600.99,599.1,599.23,3782.561
2026-08-05T09:00:00+00:00,599.24,599.79,597.69,598.18,5193.375
2026-08-05T10:00:00+00:00,598.18,598.18,595.23,597.29,4307.984
2026-08-05T11:00:00+00:00,597.3,598.2,596.22,596.62,5963.226
2026-08-05T12:00:00+00:00,596.62,599.91,596.42,599.4,5518.048
2026-08-05T13:00:00+00:00,599.4,600.86,597.73,600.58,8103.835
2026-08-05T14:00:00+00:00,600.58,602.8,598.74,602.74,6475.542
2026-08-05T15:00:00+00:00,602.75,603.71,599.72,599.88,4513.764
2026-08-05T16:00:00+00:00,599.88,602.52,598.86,599.26,4557.621
2026-08-05T17:00:00+00:00,599.27,601.15,597.19,601.01,5434.177
2026-08-05T18:00:00+00:00,601.01,602.06,600.0,600.28,4051.207
2026-08-05T19:00:00+00:00,600.28,600.93,599.58,599.73,2336.629
2026-08-05T20:00:00+00:00,599.73,600.08,597.28,597.58,3484.878
2026-08-05T21:00:00+00:00,597.58,597.59,595.5,595.62,3561.475
2026-08-05T22:00:00+00:00,595.63,595.84,592.2,592.55,5358.362
2026-08-05T23:00:00+00:00,592.55,594.35,591.79,593.85,4890.838
2026-08-06T00:00:00+00:00,593.86,596.91,593.86,595.65,5647.611
2026-08-06T01:00:00+00:00,595.65,595.85,594.06,594.06,3895.625
2026-08-06T02:00:00+00:00,594.07,594.44,592.0,593.57,4199.517
2026-08-06T03:00:00+00:00,593.57,594.53,593.11,594.52,2393.792
2026-08-06T04:00:00+00:00,594.53,595.98,594.07,595.45,3415.197
2026-08-06T05:00:00+00:00,595.46,598.32,595.27,596.7,3149.253
2026-08-06T06:00:00+00:00,596.71,596.71,594.93,595.22,2199.443
2026-08-06T07:00:00+00:00,595.22,596.21,594.8,595.35,3550.038
2026-08-06T08:00:00+00:00,595.36,596.27,594.54,595.46,2910.501
2026-08-06T09:00:00+00:00,595.46,595.77,593.35,594.63,4123.056
2026-08-06T10:00:00+00:00,594.64,595.06,593.07,593.33,4021.43
2026-08-06T11:00:00+00:00,593.33,594.48,592.4,594.1,2669.086
2026-08-06T12:00:00+00:00,594.1,594.46,592.81,593.16,3707.75
2026-08-06T13:00:00+00:00,593.17,593.49,591.14,593.05,5753.434
2026-08-06T14:00:00+00:00,593.05,594.36,591.68,593.43,4644.9
2026-08-06T15:00:00+00:00,593.44,594.6,592.42,592.5,3072.377
2026-08-06T16:00:00+00:00,592.51,593.09,591.47,593.04,3635.687
2026-08-06T17:00:00+00:00,593.04,593.83,592.54,593.14,3090.853
2026-08-06T18:00:00+00:00,593.15,593.4,590.65,591.58,2575.429
2026-08-06T19:00:00+00:00,591.58,591.65,589.95,590.6,2890.64
2026-08-06T20:00:00+00:00,590.6,591.63,590.37,591.36,1498.328
2026-08-06T21:00:00+00:00,591.36,592.52,591.36,592.16,914.988
2026-08-06T22:00:00+00:00,592.17,592.74,591.56,591.91,825.216
2026-08-06T23:00:00+00:00,591.9,592.39,590.99,592.39,860.147
2026-08-07T00:00:00+00:00,592.4,593.59,592.06,593.07,2107.465
2026-08-07T01:00:00+00:00,593.07,594.0,592.86,593.46,1929.279
2026-08-07T02:00:00+00:00,593.46,594.0,592.2,593.54,2940.72
2026-08-07T03:00:00+00:00,593.55,594.68,592.85,592.93,3820.365
2026-08-07T04:00:00+00:00,592.94,592.95,587.0,587.51,13807.466
2026-08-07T05:00:00+00:00,587.52,588.23,586.2,587.86,5387.817
2026-08-07T06:00:00+00:00,587.86,588.18,586.51,587.08,3891.835
2026-08-07T07:00:00+00:00,587.08,588.49,585.3,585.46,6994.931
2026-08-07T08:00:00+00:00,585.46,589.0,585.32,588.77,5211.36
2026-08-07T09:00:00+00:00,588.78,590.75,588.71,590.07,5792.075
2026-08-07T10:00:00+00:00,590.07,590.9,589.69,590.25,2966.782
2026-08-07T11:00:00+00:00,590.25,591.9,590.24,591.45,3451.401
2026-08-07T12:00:00+00:00,591.45,593.33,590.78,592.91,9258.909
2026-08-07T13:00:00+00:00,592.91,593.45,591.18,592.68,5289.2
2026-08-07T14:00:00+00:00,592.68,593.32,590.4,591.05,5834.479
2026-08-07T15:00:00+00:00,591.06,592.79,591.05,592.31,3814.62
2026-08-07T16:00:00+00:00,592.32,594.4,592.32,592.6,3559.057
2026-08-07T17:00:00+00:00,592.61,593.05,591.05,591.97,2036.888
2026-08-07T18:00:00+00:00,591.98,592.59,591.12,591.4,964.734
2026-08-07T19:00:00+00:00,591.41,593.44,591.4,593.38,1201.554
2026-08-07T20:00:00+00:00,593.38,593.73,592.43,592.91,945.614
2026-08-07T21:00:00+00:00,592.91,593.68,592.28,592.73,873.437
2026-08-07T22:00:00+00:00,592.74,592.9,592.22,592.51,554.647
2026-08-07T23:00:00+00:00,592.51,593.0,592.31,592.57,867.114
2026-08-08T00:00:00+00:00,592.57,592.67,590.77,591.04,2351.955
2026-08-08T01:00:00+00:00,591.05,591.2,590.65,590.95,2012.689
2026-08-08T02:00:00+00:00,590.95,592.0,590.88,591.78,2707.842
2026-08-08T03:00:00+00:00,591.77,593.78,591.63,593.43,4213.4
2026-08-08T04:00:00+00:00,593.42,593.79,592.67,593.65,1944.962
2026-08-08T05:00:00+00:00,593.65,593.83,592.93,593.33,1840.174
2026-08-08T06:00:00+00:00,593.33,595.15,593.33,594.68,3564.815
2026-08-08T07:00:00+00:00,594.68,595.15,594.06,594.52,2961.607
2026-08-08T08:00:00+00:00,594.53,594.9,593.74,594.46,2225.678
2026-08-08T09:00:00+00:00,594.47,595.5,594.14,594.68,3350.636
2026-08-08T10:00:00+00:00,594.68,595.96,594.67,595.16,2107.312
2026-08-08T11:00:00+00:00,595.16,596.61,595.06,596.51,2944.932
2026-08-08T12:00:00+00:00,596.51,596.61,595.42,596.02,3477.495
2026-08-08T13:00:00+00:00,596.03,596.46,596.02,596.46,209.729
